"pandora_topic_id","topic_term","cnt"
"TP:28309","political satire","3156"
"TP:28517","NASCAR","1439"
"TP:135621","football","1250"
"TP:28231","Women's History","741"
"TP:28141","cults","683"
"TP:28072","Weekly Services & Sermons","621"
"TP:28279","MLB","614"
"TP:29304","K-Pop Commentary","602"
"TP:28071","Christian culture","583"
"TP:38914","January 6th Committee","569"
"TP:28316","Religión y Espiritualidad","556"
"TP:28078","NBA","543"
"TP:29039","Women in Comedy","522"
"TP:28287","elections","472"
"TP:28138","Political Commentary","451"
"TP:28145","MLB Spring Training","442"
"TP:28317","Sports Talk","424"
"TP:28307","personal finance","424"
"TP:28330","Ficción y Dramaticos","423"
"TP:29003","horror movies","398"
"TP:28091","Bible Study","394"
"TP:28059","Comedia","390"
"TP:39061","Russia-Ukraine War","388"
"TP:28269","American history","375"
"TP:28061","Horror & Suspenseful Tales","347"
"TP:28135","beauty","337"
"TP:28074","pop culture","336"
"TP:28306","parenting","331"
"TP:28302","Negocios y Finanzas","326"
"TP:28292","NFL","324"
"TP:83298","New York Knicks","310"
"TP:29010","World News","296"
"TP:97359","ESPN","295"
"TP:39047","Philadelphia 76ers","291"
"TP:28510","supernatural","280"
"TP:28994","meditation","263"
"TP:28090","black history","262"
"TP:138870","NBA Playoffs","254"
"TP:28285","Cultura y Sociedad","249"
"TP:28331","soccer","244"
"TP:72156","Victoria Osteen","241"
"TP:28097","reality television","241"
"TP:28293","ghosts","226"
"TP:28482","Painting","222"
"TP:28315","Relaciones y Autoayuda","218"
"TP:82462","Jeff Lewis (SiriusXM Host)","218"
"TP:28311","productivity","215"
"TP:28137","News Brief","213"
"TP:2023026","2026 Iran War","212"
"TP:97406","FOX News","211"
"TP:39050","Los Angeles Lakers","204"
"TP:28284","college sports","199"
"TP:28320","Tabletop Gaming","196"
"TP:105961","Tom Petty","196"
"TP:28098","Reality TV Stars","193"
"TP:29283","The Bachelor (franchise)","191"
"TP:29322","Met Gala","189"
"TP:28134","relationships","188"
"TP:29123","Dungeons & Dragons","187"
"TP:107516","Metallica","187"
"TP:28283","business news","185"
"TP:28299","NHL","183"
"TP:29133","Los Angeles Sports","179"
"TP:28771","Donald Trump","178"
"TP:97355","British Broadcasting Corporation","177"
"TP:29131","New York Sports","176"
"TP:32024","Joel Osteen","175"
"TP:108554","Tom Petty & The Heartbreakers","171"
"TP:28297","health","171"
"TP:38987","Boston Celtics","167"
"TP:29009","Supreme Court","166"
"TP:83405","Detroit Pistons","164"
"TP:83403","Minnesota Timberwolves","163"
"TP:83599","Oklahoma City Thunder","160"
"TP:28095","cold cases","158"
"TP:40484","Mark Goodman (SiriusXM Host)","157"
"TP:63075","Alan Hunter (VJ)","157"
"TP:175829","iHeartPodcasts","154"
"TP:83662","San Antonio Spurs","153"
"TP:29132","Chicago Sports","147"
"TP:29350","Holiday::Halloween","146"
"TP:142368","redistricting","145"
"TP:39049","Cleveland Cavaliers","141"
"TP:28967","Joel Embiid","134"
"TP:116248","Sona Movsesian","130"
"TP:28312","trivia","129"
"TP:109939","Conan O'Brien","128"
"TP:83287","New York Yankees","128"
"TP:106089","Grateful Dead","128"
"TP:139042","Stanley Cup Playoffs","127"
"TP:28291","nutrition","127"
"TP:28089","fashion","127"
"TP:29189","Pop Culture Comedy","126"
"TP:29020","cryptozoology","126"
"TP:38854","Yellowstone (TV)","126"
"TP:28288","entrepreneurship","123"
"TP:38432","Matt Gourley","120"
"TP:29169","Philadelphia Sports","120"
"TP:147414","Texas Motor Speedway","120"
"TP:122386","Artificial Intelligence","119"
"TP:97349","CNN","117"
"TP:137655","FYIona (AI)","116"
"TP:107170","will.i.am","115"
"TP:28056","management","115"
"TP:28294","golf","114"
"TP:28295","LGBTQIA+","114"
"TP:97407","FOX Sports","112"
"TP:178109","Watkins Glen International","112"
"TP:28304","Noticias y Politicos","111"
"TP:31062","Dave Ramsey","110"
"TP:103523","Eric Wynalda","109"
"TP:28142","Tech News","109"
"TP:83285","Atlanta Braves","108"
"TP:28133","advice","106"
"TP:97365","National Public Radio","105"
"TP:2011917","Voting Rights Act of 1965","105"
"TP:97370","TODAY Show","105"
"TP:28067","sleep","104"
"TP:28079","forensic science","103"
"TP:103377","Chris Medland (SiriusXM Host)","103"
"TP:69119","Downtown Julie Brown","102"
"TP:136186","Roman Reigns","100"
"TP:28296","mental health","100"
"TP:106653","Phish","99"
"TP:28515","fantasy football","99"
"TP:135611","basketball","98"
"TP:63144","Nina Blackwood","98"
"TP:143742","gerrymandering","98"
"TP:97363","NBC News","97"
"TP:83411","Orlando Magic","97"
"TP:111518","Alan Walker","97"
"TP:28139","Science Discoveries","96"
"TP:83410","Ottawa Senators","96"
"TP:28057","Comedian Interviews","95"
"TP:39057","Pittsburgh Steelers","95"
"TP:28143","Sci-Fi & Fantasy Film","94"
"TP:28888","LeBron James","94"
"TP:53992","Jacob Fatu","93"
"TP:28975","NFL draft","93"
"TP:39063","trucking industry","93"
"TP:83283","Montreal Canadiens","91"
"TP:103378","Jon Massengale (SiriusXM Host)","90"
"TP:87787","Big Ten","89"
"TP:32838","Megyn Kelly","88"
"TP:140207","stand-up comedy","88"
"TP:115261","J.C. Jackson","88"
"TP:141787","WWE Backlash","88"
"TP:112973","The Beatles","87"
"TP:116054","Tommy Smyth","87"
"TP:103188","Jason Davis (SiriusXM Host)","86"
"TP:86622","Arsenal F.C.","86"
"TP:28411","paranormal sciences","85"
"TP:123118","Victor Wembanyama","85"
"TP:33005","Al Roker","85"
"TP:69038","Keith Costigan","84"
"TP:106511","Bruce Springsteen","83"
"TP:137665","concerts","82"
"TP:28258","Boston Sports","82"
"TP:28268","alternative health","82"
"TP:108438","Seth Rudetsky","82"
"TP:28081","true crime","81"
"TP:83402","Chicago Cubs","81"
"TP:28290","fantasy sports","80"
"TP:28077","college basketball","80"
"TP:28201","Sci-Fi Books","79"
"TP:118324","Matt Schick","79"
"TP:83314","Philadelphia Flyers","79"
"TP:109291","Elvis Presley","78"
"TP:111801","Dwight Yoakam","78"
"TP:28318","Stock Markets","77"
"TP:29115","Hip-Hop Culture","77"
"TP:28363","storytelling","77"
"TP:144741","ABC News","75"
"TP:103156","Chris Cantalini (SiriusXM Host)","74"
"TP:103152","Caity Babs (SiriusXM Host)","74"
"TP:97357","Bloomberg Radio","74"
"TP:83381","Carolina Hurricanes","73"
"TP:36376","Ted Turner","73"
"TP:107962","Steven Van Zandt","73"
"TP:43078","Jim Bowden","72"
"TP:30996","Hip Hop History","72"
"TP:48935","Mike Stanton (left-handed pitcher)","71"
"TP:83301","New York Mets","71"
"TP:58302","Anthony Herron","71"
"TP:83304","Dallas Cowboys","71"
"TP:28840","Jaylen Brown","71"
"TP:278793","Strait of Hormuz","70"
"TP:83394","Minnesota Wild","70"
"TP:83378","Colorado Avalanche","70"
"TP:70576","Chris Doering","70"
"TP:103154","Justin Gage (SiriusXM Host)","69"
"TP:108892","John Mayer","69"
"TP:270334","Pope Leo XIV","69"
"TP:103161","Julie James (SiriusXM Host)","68"
"TP:109238","Dave Koz","68"
"TP:106560","Ranger Doug","68"
"TP:106710","Carrie Underwood","68"
"TP:116021","Bully Ray","68"
"TP:110428","Tom Morello","67"
"TP:31233","Jenna Bush Hager","67"
"TP:29188","Comedy Talk & Opinion","67"
"TP:39053","Toronto Raptors","67"
"TP:28325","video games","67"
"TP:28092","Catholic culture","67"
"TP:83409","Boston Red Sox","66"
"TP:83414","Cincinnati Reds","66"
"TP:103132","Rich Davis (SiriusXM Host)","65"
"TP:103131","Robert Aubry Davis","65"
"TP:85768","Andy Cohen","65"
"TP:103250","Jose Mangin (SiriusXM Host)","65"
"TP:113032","MarySue Twohy","65"
"TP:181749","hantavirus","65"
"TP:39037","Summer House (series)","65"
"TP:83396","Los Angeles Dodgers","65"
"TP:31861","Jalen Brunson","64"
"TP:69633","Ben Hartsock","64"
"TP:118553","PGA Tour","64"
"TP:270503","2026 United States elections","64"
"TP:28278","auto racing","64"
"TP:83290","Buffalo Sabres","64"
"TP:69776","Jacob Hester","64"
"TP:103173","Brian Dunseth","63"
"TP:71001","David Fricke","63"
"TP:83382","Philadelphia Phillies","62"
"TP:83395","Pittsburgh Pirates","62"
"TP:29196","Denver Sports","62"
"TP:83295","New York Jets","62"
"TP:82035","college football","62"
"TP:29352","happiness","62"
"TP:33038","Hoda Kotb","62"
"TP:28140","conspiracy theories","62"
"TP:83379","Milwaukee Brewers","61"
"TP:28895","Aaron Rodgers","61"
"TP:110043","Too Short","61"
"TP:38973","New York Giants (football)","61"
"TP:28075","celebrity interviews","60"
"TP:180365","fuel costs","60"
"TP:29084","New Age Spirituality","60"
"TP:31359","Howard Stern","60"
"TP:142461","summer","60"
"TP:33306","Shannon Sharpe","59"
"TP:83288","Vegas Golden Knights","59"
"TP:48077","Dylan Dreyer","59"
"TP:108007","Eric Church","58"
"TP:117830","Gary Lambert (SiriusXM Host)","58"
"TP:28132","Women in Business","58"
"TP:103282","Mikey Piff (SiriusXM Host)","58"
"TP:105889","Blake Lively","58"
"TP:28066","fitness","58"
"TP:44375","David Gans","58"
"TP:29198","Pittsburgh Sports","58"
"TP:83279","Baltimore Orioles","58"
"TP:32048","Paul Finebaum","57"
"TP:112922","U2","57"
"TP:33069","Nancy Grace","57"
"TP:103269","Spyder Harrison","55"
"TP:105066","Steve Covino","55"
"TP:28305","Outdoor Adventure","55"
"TP:28282","Buddhism","55"
"TP:91312","classic radio","54"
"TP:103111","Dave Moody","54"
"TP:103648","Kristine Stone (SiriusXM Host)","54"
"TP:38952","voting rights","54"
"TP:83276","Baltimore Ravens","53"
"TP:157204","US Immigration and Customs Enforcement","53"
"TP:71010","Peter Asher","53"
"TP:111224","Tommy London","52"
"TP:106334","Frank Sinatra","52"
"TP:103172","Tom Rennie (broadcaster)","52"
"TP:29272","New York News & Politics","52"
"TP:111805","Dave Matthews Band","52"
"TP:104173","Rachel Steele (SiriusXM Host)","52"
"TP:86730","UEFA Champions League","52"
"TP:2029079","The Devil Wears Prada 2","52"
"TP:33149","Brian Scalabrine","51"
"TP:103298","Jim Memolo (SiriusXM Host)","51"
"TP:136052","AEW","51"
"TP:107781","Danielle Peck","51"
"TP:43477","Craig Melvin","51"
"TP:84620","Houston Rockets","51"
"TP:32460","Dan Patrick","51"
"TP:83286","Tampa Bay Rays","51"
"TP:121140","Bravo","51"
"TP:144014","economy","50"
"TP:83318","Philadelphia Eagles","50"
"TP:31792","Savannah Guthrie","50"
"TP:84870","Denver Nuggets","50"
"TP:28905","Jayson Tatum","50"
"TP:28472","Formula 1","50"
"TP:41275","Frank Isola","50"
"TP:33109","Mark Henry","50"
"TP:103265","Nicole Ryan","50"
"TP:103406","John Hill","50"
"TP:46448","Justin Bell","50"
"TP:103092","Sheinelle Jones","50"
"TP:29024","comic books","49"
"TP:30988","entertainment news","49"
"TP:119058","midterm elections","49"
"TP:41584","Ryan Sampson (SiriusXM Host)","49"
"TP:28274","BBQ cooking","49"
"TP:139090","Kentucky Derby","49"
"TP:116031","Jeff Joyce (SiriusXM Host)","49"
"TP:238210","Kelsie Herzog","49"
"TP:83292","Seattle Seahawks","49"
"TP:83397","Houston Astros","49"
"TP:109121","Dave Matthews","49"
"TP:59477","Kevin Kennedy (baseball)","48"
"TP:83293","Detroit Tigers","48"
"TP:86616","Paris Saint-Germain F.C.","48"
"TP:31612","OG Anunoby","48"
"TP:83391","Minnesota Twins","48"
"TP:110744","Kenny Chesney","47"
"TP:45675","Justin Baldoni","47"
"TP:33274","Laura Schlessinger","47"
"TP:115764","Justin J. Pearson","47"
"TP:35517","Elvis Duran","47"
"TP:34869","Tommy Dreamer","46"
"TP:103267","Stanley T. Evans","46"
"TP:103348","Swaggy Sie (SiriusXM Host)","46"
"TP:54936","Amy Robach","46"
"TP:105045","Ania Hammar","46"
"TP:111607","Lisa Loeb","46"
"TP:28324","travel","46"
"TP:34589","Darby Allin","45"
"TP:103222","Glenn Crooks (SiriusXM Host)","45"
"TP:139021","Joe Mazzulla","45"
"TP:86400","Martha Quinn","44"
"TP:28489","Star Wars (franchise)","44"
"TP:177108","trucking issues","44"
"TP:47936","Sam Roberts (SiriusXM Host)","44"
"TP:83597","Anaheim Ducks","44"
"TP:49045","Wolfgang Van Halen","44"
"TP:112329","Diplo","44"
"TP:33326","Stephen A. Smith","44"
"TP:119711","Robert Brender","44"
"TP:83296","Tennessee Titans","43"
"TP:85369","Southeastern Conference","43"
"TP:139491","music","43"
"TP:103151","Pete Pistone","43"
"TP:140380","tariffs","43"
"TP:97354","C-SPAN","43"
"TP:119725","Denise Salcedo","43"
"TP:28371","Disneyland","43"
"TP:181676","Truist Championship","43"
"TP:140747","trucking culture","43"
"TP:31637","Sean Hannity","43"
"TP:142553","new music","43"
"TP:60506","Rodney Marsh","43"
"TP:86639","FC Bayern Munich","43"
"TP:105052","Shannon Gunz","43"
"TP:28997","tennis","43"
"TP:253068","Zohran Mamdani","43"
"TP:120717","Jonathan Hood","43"
"TP:122845","NASCAR Cup Series","43"
"TP:124690","Lostboycrow","43"
"TP:50322","T. J. Holmes","43"
"TP:117250","Sha-Rock","42"
"TP:38961","Kansas City Chiefs","42"
"TP:34559","Danhausen (wrestler)","42"
"TP:103352","Dave LaGreca","42"
"TP:83376","St. Louis Cardinals","42"
"TP:140309","college softball","42"
"TP:47561","Tony Meola","42"
"TP:38918","Los Angeles Chargers","42"
"TP:108491","Grandmaster Caz","42"
"TP:40499","Steve Sax","41"
"TP:66084","Dax McCarty","41"
"TP:38983","Washington Commanders","41"
"TP:204677","Evan Real","41"
"TP:110939","Bob Marley","41"
"TP:39352","March Madness","41"
"TP:103340","Tom Byrne (SiriusXM Host)","41"
"TP:219042","MS NOW","41"
"TP:259399","Danny Murphy (podcaster)","41"
"TP:38956","Green Bay Packers","41"
"TP:105057","Mark Strigl (SiriusXM Host)","41"
"TP:254909","Joe Ceraulo","40"
"TP:103242","Earle Bailey (SiriusXM Host)","40"
"TP:37248","Shane Douglas","40"
"TP:103341","JT The Brick (SiriusXM Host)","40"
"TP:139576","Oscar Beltran (SiriusXM board operator)","40"
"TP:40010","Mike Campbell (musician)","40"
"TP:115086","Cameron Young","40"
"TP:144054","US politics","40"
"TP:28410","Disney World","40"
"TP:83300","Toronto Maple Leafs","40"
"TP:83305","Arizona Diamondbacks","40"
"TP:86642","Manchester City F.C.","40"
"TP:110997","Dan + Shay","39"
"TP:103656","Scott Wapner","39"
"TP:124617","Morning Mash Up","39"
"TP:83385","Tampa Bay Lightning","39"
"TP:32532","Cade Cunningham","39"
"TP:28400","For Kids","39"
"TP:83657","Las Vegas Raiders","39"
"TP:116222","Marc Benecke (SiriusXM Host)","39"
"TP:144447","Broadway","39"
"TP:31339","Scottie Scheffler","39"
"TP:118899","Brendon de Jonge","39"
"TP:83384","Colorado Rockies","39"
"TP:103137","Julia Cunningham","39"
"TP:110070","Kid Rock","39"
"TP:36516","Chris Harrison","38"
"TP:103915","Shane Malloy (SiriusXM Host)","38"
"TP:32616","Mike Vrabel","38"
"TP:106753","T. Graham Brown","38"
"TP:35738","Chris ""Mad Dog"" Russo","38"
"TP:83388","Miami Marlins","38"
"TP:86729","Atlético Madrid","38"
"TP:29318","The Real Housewives of Beverly Hills","38"
"TP:103897","Dave McCarthy (SiriusXM host)","38"
"TP:102876","Buzz Brainard","38"
"TP:80370","Atlanta Hawks","38"
"TP:32801","Terry Gross","37"
"TP:33020","Michael Smerconish","37"
"TP:103107","Dave Dwyer","37"
"TP:103146","Chantel McCabe (SiriusXM Host)","37"
"TP:122644","birthdays","37"
"TP:103232","Charlie Stillitano","37"
"TP:83315","Athletics (baseball)","37"
"TP:241746","Vicky Sparks","37"
"TP:103893","Peter Burns (sportscaster)","37"
"TP:110198","Big Jay Oakerson","37"
"TP:124767","Tom Rennie (DEPRECATED)","37"
"TP:110537","Robert Kelly (comedian)","37"
"TP:136310","Jesse Jackson","37"
"TP:103268","Robb Walker (SiriusXM Host)","37"
"TP:108042","Jake Owen","36"
"TP:111958","Trace Adkins","36"
"TP:130301","Justin LaBar","36"
"TP:139299","comedy","36"
"TP:28313","real estate","36"
"TP:105044","Mack (SiriusXM Host)","36"
"TP:110906","Mickie James","36"
"TP:84619","Dallas Mavericks","36"
"TP:38959","Cincinnati Bengals","36"
"TP:83280","New England Patriots","36"
"TP:118325","Jamison Scala","36"
"TP:116409","C. J. Nitkowski","36"
"TP:34656","Greg Gutfeld","36"
"TP:109984","Steve Harvey","36"
"TP:103434","Jon Weiner","36"
"TP:29019","Ufology","36"
"TP:139147","therapy","36"
"TP:28263","fantasy baseball","36"
"TP:83271","Arizona Cardinals","36"
"TP:83317","Minnesota Vikings","36"
"TP:241747","Liza Fromer","36"
"TP:108111","Pearl Jam","36"
"TP:104030","Carson Daly","36"
"TP:28792","James Harden","36"
"TP:273931","Shin Yu Pai","36"
"TP:103913","Brad Gillie","36"
"TP:159595","GLP-1 medications","36"
"TP:124925","Greg Maroney","36"
"TP:103413","Roy Philpott (SiriusXM Host)","36"
"TP:83399","Cleveland Guardians","36"
"TP:31619","Mike Florio","35"
"TP:112090","LL Cool J","35"
"TP:108626","Jeannie Seely","35"
"TP:29134","San Francisco Bay Area Sports","35"
"TP:2014994","Alex Ferrario","35"
"TP:86631","Manchester United F.C.","35"
"TP:124512","Mack & Jen","35"
"TP:145176","Michigan Wolverines","35"
"TP:107568","Ned Luberecki","35"
"TP:83303","Edmonton Oilers","35"
"TP:41031","Trevor May","35"
"TP:83289","San Francisco Giants","35"
"TP:84941","The Real Housewives of Atlanta","35"
"TP:218086","Chris Jones (radio)","35"
"TP:103211","Madison (SiriusXM Host)","35"
"TP:139322","WWE NXT","35"
"TP:29197","Minneapolis Sports","34"
"TP:37629","Sean Hayes","34"
"TP:103228","Alan Seslowsky (SiriusXM Host)","34"
"TP:28310","Pro Wrestling","34"
"TP:103259","Mike Ferrin","34"
"TP:40772","Adam Rittenberg","34"
"TP:28382","dating","34"
"TP:2014993","Brandon Kiley","34"
"TP:32085","James Comey","34"
"TP:28766","Anthony Edwards","34"
"TP:116215","Chris Childers (SiriusXM Host)","34"
"TP:139537","college baseball","34"
"TP:71109","Heather B. Gardner (SiriusXM Host)","34"
"TP:43572","Jim Florentine","34"
"TP:107491","Tommy James","33"
"TP:150282","Robin Dreeke","33"
"TP:38781","Scott Van Pelt","33"
"TP:116363","Ryan Spilborghs","33"
"TP:53146","Robin Quivers","33"
"TP:150281","Tony Brueski","33"
"TP:29281","true crime history","33"
"TP:83307","Toronto Blue Jays","33"
"TP:32408","Tyrese Maxey","33"
"TP:103810","Karen Moskow","33"
"TP:31550","Shai Gilgeous-Alexander","33"
"TP:83595","Texas Rangers (baseball)","33"
"TP:83312","San Diego Padres","33"
"TP:29015","cannabis","32"
"TP:45486","Brad Lidge","32"
"TP:120714","Joey Black (SiriusXM Host)","32"
"TP:31837","Cody Rhodes","32"
"TP:139308","crimes","32"
"TP:45213","Mark Dominik","32"
"TP:28060","Musica y Entretenimiento","32"
"TP:38960","San Francisco 49ers","32"
"TP:33695","Ken Coleman","32"
"TP:36647","Jason Bateman","32"
"TP:135818","Rachel Leviss","32"
"TP:83291","Seattle Mariners","32"
"TP:83277","Tampa Bay Buccaneers","32"
"TP:70420","Kevin Frandsen","32"
"TP:28073","COVID-19","32"
"TP:86617","Liverpool F.C.","32"
"TP:34871","Lester Holt","32"
"TP:145736","Iyo Sky","32"
"TP:34631","Will Arnett","32"
"TP:31333","Karl-Anthony Towns","32"
"TP:32571","Charles Davis","32"
"TP:71168","Jim Ladd","32"
"TP:189903","Unwell Network","31"
"TP:133159","Chris Jones","31"
"TP:112886","Jonathan Davis","31"
"TP:124083","social media","31"
"TP:34098","Austin Reaves","31"
"TP:83601","Kansas City Royals","31"
"TP:103408","Lurie Daniel Favors","31"
"TP:63052","Richard Blade (SiriusXM Host)","31"
"TP:105161","Bob Buchmann (SiriusXM Host)","31"
"TP:83408","Washington Nationals","31"
"TP:120681","George Nenadich","31"
"TP:50051","Adrian Heath","31"
"TP:118556","Emily Jashinsky","31"
"TP:123129","Nottingham Forest F.C.","31"
"TP:38958","Los Angeles Rams","31"
"TP:113781","Steven Kapp Perry (radio host)","31"
"TP:28093","TikTok","31"
"TP:39051","Milwaukee Bucks","31"
"TP:103226","Steve Kouleas","31"
"TP:116114","Janusz Michallik","31"
"TP:108957","Jason Gray","31"
"TP:2016774","White House State Ballroom","31"
"TP:140980","geopolitics","30"
"TP:112885","SVZ (duplicate)","30"
"TP:33219","Anthony Edwards (basketball)","30"
"TP:154256","Jordy Meiselas","30"
"TP:183050","The Bible","30"
"TP:124622","Steve Ferrone","30"
"TP:42944","Dan Le Batard","30"
"TP:136749","A. J. Ramos","30"
"TP:71013","Bill Flanagan","30"
"TP:135097","Republican Party","30"
"TP:110084","Madonna","30"
"TP:117908","Bill Lekas","30"
"TP:61882","Adam Clayton","30"
"TP:103677","Paul Sweeney (news anchor)","30"
"TP:116221","Carol Miller (SiriusXM Host)","30"
"TP:141953","retirement","30"
"TP:31496","Jim Cramer","30"
"TP:86562","Chelsea F.C.","30"
"TP:41860","Eddie Trunk (SiriusXM Host)","30"
"TP:97358","Comedy Central","30"
"TP:117835","Todd Zola (SiriusXM Host)","30"
"TP:48468","Gary Williams","30"
"TP:69612","Carl Paulson","30"
"TP:144053","Canadian politics","30"
"TP:117044","Doug Budin","30"
"TP:134094","Trick Williams","29"
"TP:37351","Gilbert Arenas","29"
"TP:83407","Chicago White Sox","29"
"TP:28259","Rock Artist Interviews","29"
"TP:103667","Jonathan Ferro (news anchor)","29"
"TP:103143","Chris Spatola (SiriusXM Host)","29"
"TP:109756","Nathaniel Rateliff","29"
"TP:69661","Chris Hillman","29"
"TP:34541","Dianna Russini","29"
"TP:124924","Nedski & Mojo","29"
"TP:245888","TC Cannon","29"
"TP:32870","Sami Zayn","29"
"TP:121463","Jamahl Mosley","29"
"TP:53733","Bobby Carpenter (American football)","29"
"TP:34060","Don Was","29"
"TP:144084","trucking accidents","29"
"TP:179213","Penn State Nittany Lions","29"
"TP:29147","Prank Comedy","29"
"TP:110171","Mark O'Connor","29"
"TP:2017935","NASCAR O'Reilly Auto Parts Series","29"
"TP:112509","Dan Abrams","29"
"TP:28281","Boxing & MMA","29"
"TP:103668","Lisa Abramowicz","29"
"TP:103666","Tom Keene (radio host)","29"
"TP:220763","Spirit Airlines","29"
"TP:103198","Amin Elhassan","29"
"TP:140998","Anthony Broome","29"
"TP:29088","fatherhood","29"
"TP:34438","Jimmy Kimmel","29"
"TP:117820","Michael F. Florio","29"
"TP:115968","Christine Pedi","29"
"TP:137507","exercising","28"
"TP:33122","Kofi Kingston","28"
"TP:122927","Cody Alan","28"
"TP:86637","Major League Soccer","28"
"TP:143536","Tyler Terens (SXM host)","28"
"TP:43347","Todd Haley","28"
"TP:32168","Xavier Woods (wrestler)","28"
"TP:2027596","The Real Housewives of Rhode Island (series)","28"
"TP:103674","Tim Stenovec","28"
"TP:259436","Ian Mohr","28"
"TP:103673","Carol Massar","28"
"TP:50621","Stephen J. Dubner","28"
"TP:83401","New York Rangers","28"
"TP:83294","Detroit Lions","28"
"TP:139200","socialism","28"
"TP:56802","Los Angeles Angels","28"
"TP:106200","Kirk Franklin","28"
"TP:28323","theme parks & family travel","28"
"TP:139086","The Valley (series)","27"
"TP:120753","Kyle Cantrell (SiriusXM Host)","27"
"TP:29023","cybersecurity","27"
"TP:103373","Jeff Erickson (SiriusXM Host)","27"
"TP:124783","Myra","27"
"TP:148534","petroleum industry","27"
"TP:62796","Ray Hudson","27"
"TP:140086","David Shepard","27"
"TP:141345","CONCACAF Champions Cup","27"
"TP:28298","historical figures","27"
"TP:103299","Jensen Lewis","27"
"TP:113148","Robbie Leslie","27"
"TP:141423","Lee Spencer","27"
"TP:135673","LSU Tigers","27"
"TP:28857","Kim Kardashian","27"
"TP:33563","Bobby Bones","27"
"TP:103155","Mike Babchik (SiriusXM Host)","27"
"TP:38972","New Orleans Saints","27"
"TP:31344","Chris Jones (American football)","27"
"TP:125634","El Pinche Mara, C-KAN & Lefty SM","27"
"TP:155537","Jason Pennington","27"
"TP:155536","Virginia Sinicki","27"
"TP:106773","Peter Green","27"
"TP:116088","Wes Durham","27"
"TP:132843","Sheer Mag","27"
"TP:116041","Jason Sobel","27"
"TP:33654","Jim Rome","27"
"TP:134853","law enforcement","27"
"TP:236829","Bloomberg News","27"
"TP:155538","Kevin Rolston","27"
"TP:35537","Peter Rosenberg","27"
"TP:29156","Morning Talk Shows","27"
"TP:133686","Will MacKenzie","27"
"TP:139967","AEW Dynamite","26"
"TP:113484","Rob Sharkey","26"
"TP:112940","Wu-Tang Clan","26"
"TP:103213","Arlene Bynon","26"
"TP:123944","Jordan Feliz","26"
"TP:139190","Gaza","26"
"TP:110094","Red Hot Chili Peppers","26"
"TP:157764","wealth tax","26"
"TP:116962","Jonathan Schwartz (SiriusXM Host)","26"
"TP:149493","Page Six","26"
"TP:103237","Jeff Ratcliffe (SiriusXM Host)","26"
"TP:109476","RZA","26"
"TP:37845","Kelly Evans","26"
"TP:105047","Keith Roth (SiriusXM Host)","26"
"TP:259164","Armstrong & Getty","26"
"TP:85771","Atlantic Coast Conference","26"
"TP:149842","John Delony","26"
"TP:28271","animation","26"
"TP:117522","Mercedes Javid","26"
"TP:41395","Karen Hunter","26"
"TP:43918","Fred Norris","26"
"TP:41790","Chase Elliott","26"
"TP:124054","Hendrick Motorsports","26"
"TP:32799","Angela Yee","26"
"TP:83600","Boston Bruins","25"
"TP:40996","Eddie Johnson (SiriusXM Host)","25"
"TP:103236","Dion Deezy (SiriusXM Host)","25"
"TP:105064","Karen Carson (SiriusXM Host)","25"
"TP:33534","Marco Rubio","25"
"TP:106748","Larry The Cable Guy","25"
"TP:109229","Charlamagne Tha God","25"
"TP:28996","chef interviews","25"
"TP:109959","Tom Papa","25"
"TP:116477","Alex Cooper","25"
"TP:2029420","Cadillac Championship","25"
"TP:117836","John McKechnie (SiriusXM Host)","25"
"TP:40267","Alexis Madrigal","25"
"TP:140803","MAGA","25"
"TP:31395","Seth Rollins","25"
"TP:103220","Janet Alvarez (SiriusXM Host)","25"
"TP:105054","Jim Ryan (SiriusXM Host)","25"
"TP:105972","City Girls","25"
"TP:140119","racism","25"
"TP:103102","Adam Schein","25"
"TP:50476","John Fugelsang","25"
"TP:83319","Jacksonville Jaguars","25"
"TP:119466","Danielle Trotta","25"
"TP:86628","FIFA World Cup","25"
"TP:29062","John Cena","25"
"TP:42362","Bron Breakker","25"
"TP:109262","Alice Cooper","25"
"TP:104177","Jen Morejon (SiriusXM Host)","25"
"TP:35184","Dana Perino","25"
"TP:83404","Golden State Warriors","24"
"TP:38393","Jesse Watters","24"
"TP:138862","PGA Championship","24"
"TP:112703","Bruce Springsteen & The E Street Band","24"
"TP:103923","Kim Ashley (SiriusXM Host)","24"
"TP:110313","Sebastian Maniscalco","24"
"TP:117837","Clay Link","24"
"TP:118564","David Aardsma","24"
"TP:117839","Mario Puig (SiriusXM Host)","24"
"TP:67163","Mya","24"
"TP:103229","Fred 'Bugsy' Buggs (SiriusXM Host)","24"
"TP:34180","Keyshawn Johnson","24"
"TP:186247","Elite","24"
"TP:199194","FCC","24"
"TP:35477","Phoebe Bridgers","24"
"TP:69969","Justin Morneau","24"
"TP:122506","Freddie Coleman","24"
"TP:140585","NASCAR Truck Series","24"
"TP:43489","Dean Obeidallah","24"
"TP:103264","Jeff Mans (SiriusXM Host)","24"
"TP:28322","theater","24"
"TP:145559","Robert Damron","24"
"TP:2022663","David Gass (sportscaster)","24"
"TP:102845","Chris Gimenez","24"
"TP:71216","Juli Inkster","24"
"TP:31925","Brigham Young","24"
"TP:40178","Harry Douglas","24"
"TP:86817","Aston Villa F.C.","24"
"TP:120700","JD Spradlin (SiriusXM Host)","24"
"TP:165668","Team Chevy","24"
"TP:103104","Lino Rulli","24"
"TP:41413","Kirk Morrison","24"
"TP:111583","DJ Envy","24"
"TP:69718","Mike Bagley","24"
"TP:32447","Chad Johnson","24"
"TP:119283","Andres Gonzales","24"
"TP:35957","Jason Williams (basketball, born 1975)","24"
"TP:28427","WWE","24"
"TP:74450","immigration","24"
"TP:117838","Joe Bartel (SiriusXM Host)","24"
"TP:235359","trade wars","24"
"TP:117840","Peter Schoenke","24"
"TP:40819","Matt Fitzpatrick","24"
"TP:35594","Rory McIlroy","24"
"TP:140499","celebrities","24"
"TP:116395","Lauren Ashley Smith","23"
"TP:29280","Infrastructure & Public Works","23"
"TP:116037","Bruce Murray (sportscaster)","23"
"TP:103112","Jenny Eliscu","23"
"TP:103333","Kat Corbett","23"
"TP:120614","Bob Moon","23"
"TP:116046","Mariah Smith (SiriusXM Host)","23"
"TP:83274","Miami Dolphins","23"
"TP:116009","Ted Schuster (SiriusXM Host)","23"
"TP:2029829","Concert","23"
"TP:39422","Indianapolis Colts","23"
"TP:43755","Steve Scully","23"
"TP:145815","Mary O’Connell","23"
"TP:48547","Larry McReynolds","23"
"TP:130765","David Lemieux (archivist)","23"
"TP:50792","Asuka (wrestler)","23"
"TP:127718","Mitch Marine","23"
"TP:41368","John Sterling (sportscaster)","23"
"TP:103371","Real Talk Raph (SiriusXM Host)","23"
"TP:100328","WNBA","23"
"TP:71573","Ian Schrager","23"
"TP:118327","Scott Laughlin (hockey)","23"
"TP:94298","Steve Rubell","23"
"TP:111003","Pete Correale","23"
"TP:124862","Tone Stith","23"
"TP:28819","Hulk Hogan","23"
"TP:116380","John McEuen","23"
"TP:111648","Method Man","23"
"TP:2022564","Peter Kash","23"
"TP:103233","Talia Parkinson-Jones","23"
"TP:2016540","MeidasTouch","23"
"TP:108318","Jellybean","23"
"TP:106274","Smith Sisters","23"
"TP:147409","Citi Concert Series","23"
"TP:103253","Joshua ""J1"" Raiford","23"
"TP:139310","Federal Bureau of Investigation","23"
"TP:33581","Mike Greenberg","23"
"TP:32608","Luka Dončić","23"
"TP:109970","Jeff Foxworthy","23"
"TP:103370","Anthony Aniano (SiriusXM Host)","23"
"TP:107804","Beyonce","23"
"TP:107866","Scott Engel","23"
"TP:124878","Israel Salazar (SiriusXM Host)","23"
"TP:56147","Rachel Smith","23"
"TP:129907","Tony Smith","23"
"TP:117821","Josh Hayes (SiriusXM Host)","23"
"TP:28822","Jeff Bezos","22"
"TP:110403","Mike McCready","22"
"TP:141810","Florida Gators","22"
"TP:33001","Alison Stewart","22"
"TP:2029691","homeowners’ associations","22"
"TP:84622","Los Angeles Clippers","22"
"TP:126035","The E Street Band","22"
"TP:125665","Joanne Lazzaro","22"
"TP:2022657","Brian Costello (reporter)","22"
"TP:70405","Pat Kirwan","22"
"TP:35831","Danny Higginbotham","22"
"TP:39421","Atlanta Falcons","22"
"TP:110404","Jeff Ament","22"
"TP:31255","Brian Kilmeade","22"
"TP:41619","Stone Gossard","22"
"TP:28215","gardening","22"
"TP:33832","Paolo Banchero","22"
"TP:103275","Grace Sharkey (SiriusXM Host)","22"
"TP:192607","homeownership","22"
"TP:50200","John Tartaglia","22"
"TP:106900","Eddie Vedder","22"
"TP:33223","Shaun Derry","22"
"TP:115569","Donna Lewis","22"
"TP:126495","Janine LaManna & Kevin Chamberlin","22"
"TP:62057","Abby Phillip","22"
"TP:110082","Jimmy Buffett","22"
"TP:31700","Maxwell Jacob Friedman","22"
"TP:107889","Taylor Swift","22"
"TP:28319","Superhero Movies","22"
"TP:103138","Katie McGrady","22"
"TP:83415","Los Angeles Kings","22"
"TP:107814","Mat Kearney","22"
"TP:118326","Roddy Jones","22"
"TP:103209","Tom Mazzarelli (SiriusXM Host)","22"
"TP:103208","Libby Leist (SiriusXM Host)","22"
"TP:116216","Jim Coventry (SiriusXM Host)","22"
"TP:40344","Matt Cameron","22"
"TP:105179","Al Skop (SiriusXM Host)","22"
"TP:105143","Tinx","22"
"TP:29190","Black Voices in Comedy","22"
"TP:53060","Joe Tolleson","21"
"TP:34812","Young Thug","21"
"TP:263394","Scott Rizzuto","21"
"TP:116331","Timothy Dooner (SiriusXM Host)","21"
"TP:28930","Donovan Mitchell","21"
"TP:113758","Brian Hefty (SiriusXM Host)","21"
"TP:34925","Ronald Acuña Jr.","21"
"TP:69691","Ron Bennington","21"
"TP:103260","Mike Rooney (broadcaster)","21"
"TP:106030","Sway Calloway","21"
"TP:103194","Absolutely Mindy (SiriusXM Host)","21"
"TP:44776","Gary Dell'Abate","21"
"TP:29140","running","21"
"TP:83398","New York Islanders","21"
"TP:28970","Pop interviews","21"
"TP:103105","Lance Medow","21"
"TP:111439","Timbaland","21"
"TP:103339","Steve Torre (SiriusXM Host)","21"
"TP:141095","Roush Fenway Keselowski Racing","21"
"TP:110987","Patrick Bateman (SiriusXM Host)","21"
"TP:40399","Peter Mansbridge","21"
"TP:111447","Meryl Streep","21"
"TP:110754","Sabrina Carpenter","21"
"TP:225873","Chris Stanley","21"
"TP:103283","Tim Ridley (SiriusXM Host)","21"
"TP:120815","Patrick Meagher","21"
"TP:116379","Johnny ""El Picoso"" (SiriusXM Host)","21"
"TP:41324","Jamie-Lynn Sigler","21"
"TP:45835","Spencer Pratt","21"
"TP:196500","Wippa","21"
"TP:85639","Malcolm-Jamal Warner","21"
"TP:46939","Fortune Feimster","21"
"TP:140731","TNA iMPACT! (series)","21"
"TP:97352","CBS Sports","21"
"TP:60568","Charlie Davies (soccer)","21"
"TP:113759","Darren Hefty (SiriusXM Host)","21"
"TP:103100","Gail Bennington","21"
"TP:145888","Tom Bogert","21"
"TP:181742","Framber Valdez","21"
"TP:33362","Rich Gannon","21"
"TP:245515","Jeremiyah Love","21"
"TP:33769","Chris Simms","21"
"TP:86621","Everton F.C.","20"
"TP:139653","White House Correspondents' Association dinner","20"
"TP:47315","David Faber (journalist)","20"
"TP:103243","Chris Plank (SiriusXM Host)","20"
"TP:120833","Ron Ross (SiriusXM Host)","20"
"TP:40242","Carl Quintanilla","20"
"TP:38150","George Pickens","20"
"TP:125836","Caity Gyorgy","20"
"TP:56781","Jon Fishman","20"
"TP:29201","DC Sports","20"
"TP:124884","Kirsten Agresta Copely","20"
"TP:28289","nature","20"
"TP:38955","Vanderpump Rules (series)","20"
"TP:28506","film reviews","20"
"TP:121683","television","20"
"TP:112224","Duff McKagan","20"
"TP:103911","Dani Burger","20"
"TP:140345","babies","20"
"TP:138875","universities","20"
"TP:103521","Meg Griffin (DJ)","20"
"TP:110219","Brett Young (singer)","20"
"TP:55727","Mark Halperin","20"
"TP:133871","Tom MacKenzie","20"
"TP:184667","The Secret Lives of Mormon Wives (series)","20"
"TP:86641","FC Barcelona","20"
"TP:111791","The Tragically Hip","20"
"TP:86630","Inter Milan","20"
"TP:86619","Los Angeles FC","20"
"TP:2021914","Paul Davies (physicist)","20"
"TP:28475","IndyCar","20"
"TP:110076","Adam Carolla","20"
"TP:111497","Bill Gaither (gospel singer)","20"
"TP:31717","Charlie Kirk","20"
"TP:28841","Nikola Jokić","20"
"TP:144017","Sydney Supple","20"
"TP:41793","Chip Ingram","20"
"TP:29018","Indigenous Heritage","20"
"TP:62816","Tom Llamas","20"
"TP:139380","NCAA","20"
"TP:223192","Matt Doyle (soccer analyst)","20"
"TP:148970","blood clots","20"
"TP:118456","Justin Termine","20"
"TP:138897","Joe Gibbs Racing","20"
"TP:115996","Michael Landau","20"
"TP:237265","The New Day (wrestling)","20"
"TP:111560","Jim Lauderdale","20"
"TP:31039","Franz Wagner (basketball)","20"
"TP:113178","Buck Sexton","20"
"TP:33706","Rob Lowe","20"
"TP:33068","Tony Kornheiser","20"
"TP:28070","News & Political Commentary","20"
"TP:31201","John Roberts","20"
"TP:234327","international trade","19"
"TP:93859","Lori Lindsey","19"
"TP:142957","Myrtle Beach Classic","19"
"TP:140165","listener calls","19"
"TP:81879","Dan Henning (football)","19"
"TP:142252","political violence","19"
"TP:29060","Anderson Cooper","19"
"TP:29037","weddings","19"
"TP:125706","TC","19"
"TP:86623","Real Madrid CF","19"
"TP:88315","Music News","19"
"TP:36409","Jason Matheson","19"
"TP:2029746","Taylor Moore (golfer)","19"
"TP:234719","Carnell Tate","19"
"TP:142066","technology","19"
"TP:83652","Pittsburgh Penguins","19"
"TP:103101","Andrew Wilkow","19"
"TP:107228","George Strait","19"
"TP:120817","Paul Heil","19"
"TP:135445","Laura Jarrett","19"
"TP:32132","Maria Bartiromo","19"
"TP:83310","Dallas Stars","19"
"TP:119031","Kiki Monique","19"
"TP:103117","Danny Kanell","19"
"TP:152755","Ben Meiselas","19"
"TP:29116","Pop Music Commentary","19"
"TP:227296","United States Department of Defense","19"
"TP:38454","Johnny Knoxville","19"
"TP:154257","Brett Meiselas","19"
"TP:51934","Jim Brickman","19"
"TP:103349","Gord Stellick","19"
"TP:35303","Mark Carney","19"
"TP:32094","Tony Khan","19"
"TP:31672","Glenn Beck","19"
"TP:37855","Jim Daly (evangelist)","19"
"TP:49342","Rocco Mediate","19"
"TP:120277","Eric Mac Lain","19"
"TP:80552","Stan Lynch","19"
"TP:33931","Chris Finch (basketball)","19"
"TP:105053","Dangerous Darren (SiriusXM Host)","19"
"TP:51694","Nick Wright (sportscaster)","19"
"TP:33378","Nicolle Wallace (journalist)","19"
"TP:106150","Trivium","19"
"TP:130263","Jessica Charman","19"
"TP:2019643","Ronald Hicks","19"
"TP:32218","Geronimo","19"
"TP:103906","Jason Jackson","19"
"TP:124895","YBN Nahmir","19"
"TP:153021","Alexis Thompson","19"
"TP:110747","Alex Smith (quarterback)","19"
"TP:135612","ice hockey","19"
"TP:83297","Houston Texans","18"
"TP:88339","Julie Mason","18"
"TP:88283","Lori Majewski","18"
"TP:29200","Cleveland Sports","18"
"TP:140140","LIV Golf","18"
"TP:245726","Lauren Sánchez","18"
"TP:253255","Kevin Knight (wrestler)","18"
"TP:39036","Friends (series)","18"
"TP:149121","New York Post","18"
"TP:66207","Peter Noone","18"
"TP:105284","Jim Rotolo (SiriusXM Host)","18"
"TP:139339","United States men's national soccer team","18"
"TP:29120","The Real Housewives","18"
"TP:39044","Chicago Bulls","18"
"TP:124766","MAX (rejected)","18"
"TP:112366","Boston (band)","18"
"TP:96060","Jeff Rickard","18"
"TP:277893","Shawn Layton","18"
"TP:253979","WWE LFG (series)","18"
"TP:139829","Georgia Bulldogs","18"